asset_id,train_id,fault_mode,onset_ts,fault_ts,warning_days_available,detectable_days,wear_shape
TRN040-DOOR-1,TRN040,roller_wear,2026-05-07 12:54:40.535885894,2026-06-19 20:22:30.092274704,43.310990235981606,29.79886099219277,2.691482411766808
TRN023-DOOR-2,TRN023,belt_tension_loss,2026-05-25 10:46:09.143012081,2026-06-20 20:34:13.121341766,26.408379378815795,18.70528283071868,2.5445932929904815
TRN019-DOOR-2,TRN019,belt_tension_loss,2026-05-21 17:46:18.203349829,2026-06-22 04:42:43.426326456,31.45584748815545,21.45096149092579,2.7368467811574995
TRN038-DOOR-2,TRN038,belt_tension_loss,2026-05-31 15:25:19.221465973,2026-07-01 01:12:14.391721154,30.407582989064622,23.187998811941977,2.1803328593424323
TRN006-DOOR-1,TRN006,belt_tension_loss,2026-06-22 11:12:53.367904653,2026-07-11 11:05:20.426579312,18.994757623549276,15.17185569003114,1.95557662743164
TRN013-DOOR-2,TRN013,belt_tension_loss,2026-06-02 21:38:26.736782919,2026-07-11 22:38:14.223636758,39.04152183858615,30.014951459661937,2.1407914351293136
TRN034-DOOR-2,TRN034,guide_contamination,2026-06-04 11:27:33.877492502,2026-07-13 02:28:32.351683506,38.625676784618136,29.844547665521034,2.1164268109854785
TRN025-DOOR-2,TRN025,roller_wear,2026-06-05 02:53:35.454699484,2026-07-17 11:48:26.668307905,42.37142608343083,31.703819275533164,2.2730183958137418
TRN021-DOOR-2,TRN021,gearbox_wear,2026-06-18 03:32:17.830477000,2026-07-18 23:16:59.723207155,30.822707091784167,22.442822025536017,2.407130636078708
